Iteration, Time
1, 0.597304
2, 0.554104
3, 0.549205
4, 0.579982
5, 0.674939
6, 0.614235
7, 0.552755
8, 0.547607
9, 0.545714
10, 0.567821
11, 0.544611
12, 0.546394
13, 0.546803
14, 0.54569
15, 0.547189
16, 0.546182
17, 0.54741
18, 0.547211
19, 0.557614
20, 0.547855
