Iteration, Time
1, 0.174018
2, 0.155183
3, 0.154882
4, 0.155951
5, 0.159468
