Iteration, Time
1, 0.172607
2, 0.162069
3, 0.159937
4, 0.163415
5, 0.166995
6, 0.161306
7, 0.164456
8, 0.172888
9, 0.164131
10, 0.165575
