Iteration, Time
1, 2.48494
2, 2.32429
3, 2.34718
4, 2.42874
5, 2.32594
6, 2.31761
7, 2.35509
8, 2.36026
9, 2.34047
10, 2.37809
