Iteration, Time
1, 0.174434
2, 0.171789
3, 0.190097
4, 0.176279
5, 0.16601
6, 0.166817
7, 0.16673
8, 0.16665
9, 0.166613
10, 0.165943
11, 0.165761
12, 0.165941
13, 0.165427
14, 0.165944
15, 0.166618
16, 0.166075
17, 0.165854
18, 0.166292
19, 0.165717
20, 0.166467
