Num Threads, Speedup, Time
1, 0,0.695492
2, 1.00841, 0.689691
3, 1.00602, 0.691332
4, 1.60891, 0.432275
5, 1.67821, 0.414425
6, 1.6178, 0.429901
7, 1.61987, 0.429352
8, 1.62506, 0.42798
9, 1.73516, 0.400822
10, 1.78922, 0.388712
11, 2.02981, 0.342639
12, 2.27481, 0.305737
