Num Threads, Speedup, Time
1, 0,0.416626
2, 1.62629, 0.256181
3, 2.14375, 0.194344
4, 2.32057, 0.179536
5, 2.75463, 0.151245
6, 3.04767, 0.136703
7, 2.95028, 0.141216
8, 2.97208, 0.14018
9, 3.64864, 0.114187
10, 3.51493, 0.11853
11, 3.78914, 0.109953
12, 3.89581, 0.106942
