Iteration, Time
1, 2.45713
2, 2.32261
3, 2.34475
4, 2.37211
5, 2.32001
