Num Threads, Speedup, Time
1, 0,0.428141
2, 1.27743, 0.335157
3, 2.10719, 0.203181
4, 2.27904, 0.18786
5, 2.73145, 0.156745
6, 2.98549, 0.143407
7, 3.24356, 0.131997
8, 3.35097, 0.127767
9, 3.63532, 0.117773
10, 3.83893, 0.111526
11, 3.78286, 0.113179
12, 4.4983, 0.0951785
