Iteration, Time
1, 0.493302
2, 0.504234
3, 0.490059
4, 0.49061
5, 0.490852
