Iteration, Time
1, 4.83395
2, 4.81853
